,score,altitude,region,processing,variety
0,90.58,2075.0,Africa,Washed / Wet,Ethiopian Varieties
1,89.92,2075.0,Africa,Washed / Wet,Ethiopian Varieties
2,89.75,1700.0,Central America,Washed / Wet,Bourbon
3,89.0,2000.0,Africa,Natural / Dry,Ethiopian Varieties
4,88.83,2075.0,Africa,Washed / Wet,Ethiopian Varieties
5,88.83,1000.0,Brazil,Natural / Dry,Bourbon
6,88.75,1200.0,South America,Washed / Wet,Typica
7,88.67,1635.0,Africa,Natural / Dry,Ethiopian Varieties
8,88.42,1635.0,Africa,Natural / Dry,Ethiopian Varieties
9,88.25,1822.5,Africa,Natural / Dry,Ethiopian Varieties
10,88.08,1905.0,Africa,Natural / Dry,Ethiopian Varieties
11,87.92,1872.0,South America,Washed / Wet,Bourbon
12,87.92,1943.0,South America,Washed / Wet,Bourbon
13,87.92,609.6,Asia Pacific,Natural / Dry,Typica
14,87.83,1635.0,Africa,Natural / Dry,Ethiopian Varieties
15,87.58,2080.0,South America,Washed / Wet,Bourbon
16,87.42,1500.0,Asia Pacific,Washed / Wet,Typica
17,87.33,1800.0,Africa,Natural / Dry,Typica
18,87.25,1450.0,Asia Pacific,Washed / Wet,Catimor
19,87.25,1850.0,Africa,Natural / Dry,Ethiopian Varieties
20,87.25,2019.0,South America,Washed / Wet,Bourbon
21,87.17,1300.0,Central America,Washed / Wet,Bourbon
22,87.17,1320.0,North America,Washed / Wet,Typica
23,87.08,2112.0,South America,Washed / Wet,Bourbon
24,87.08,1800.0,Africa,Natural / Dry,Ethiopian Varieties
25,86.92,1250.0,Brazil,Natural / Dry,Bourbon
26,86.92,1800.0,Africa,Natural / Dry,Typica
27,86.83,1950.0,Africa,Washed / Wet,Typica
28,86.67,1400.0,Central America,Washed / Wet,Bourbon
29,86.58,1200.0,Asia Pacific,Semi-Washed / Honey,Typica
30,86.58,1140.0,Central America,Washed / Wet,Bourbon
31,86.5,1600.0,Africa,Natural / Dry,Bourbon
32,86.42,1300.0,Brazil,Natural / Dry,Bourbon
33,86.33,1300.0,Central America,Washed / Wet,Bourbon
34,86.25,1775.0,Africa,Natural / Dry,Ethiopian Varieties
35,86.25,1800.0,Africa,Washed / Wet,Typica
36,86.25,518.16,Asia Pacific,Natural / Dry,Typica
37,86.25,518.16,Asia Pacific,Natural / Dry,Typica
38,86.25,1800.0,Africa,Natural / Dry,Typica
39,86.17,1941.0,South America,Washed / Wet,Bourbon
40,86.17,1300.0,Asia Pacific,Washed / Wet,Bourbon
41,86.17,12.0,Brazil,Semi-Washed / Honey,Bourbon
42,86.17,12.0,Brazil,Semi-Washed / Honey,Bourbon
43,86.08,1000.0,Asia Pacific,Semi-Washed / Honey,Bourbon
44,86.08,1754.0,Africa,Natural / Dry,Bourbon
45,86.08,1250.0,Brazil,Semi-Washed / Honey,Bourbon
46,86.0,1700.0,Africa,Semi-Washed / Honey,Typica
47,86.0,1200.0,South America,Washed / Wet,Bourbon
48,86.0,1860.0,Africa,Washed / Wet,Bourbon
49,86.0,1650.0,Africa,Washed / Wet,Typica
50,86.0,1750.0,Africa,Natural / Dry,Typica
51,86.0,426.72,Asia Pacific,Natural / Dry,Typica
52,85.92,1310.64,Central America,Washed / Wet,Bourbon
53,85.92,1650.0,Africa,Natural / Dry,Typica
54,85.92,1800.0,South America,Washed / Wet,Bourbon
55,85.83,1600.0,Central America,Washed / Wet,Ethiopian Varieties
56,85.83,1900.0,Africa,Washed / Wet,Ethiopian Varieties
57,85.83,1524.0,Central America,Washed / Wet,Bourbon
58,85.83,1417.32,Central America,Washed / Wet,Bourbon/Typica
59,85.75,1800.0,Africa,Natural / Dry,Bourbon
60,85.75,1200.0,South America,Washed / Wet,Typica
61,85.75,1700.0,Asia Pacific,Washed / Wet,Bourbon
62,85.58,1500.0,Central America,Washed / Wet,Bourbon
63,85.58,1350.0,Central America,Semi-Washed / Honey,Bourbon
64,85.58,518.16,Asia Pacific,Natural / Dry,Typica
65,85.5,1680.0,Central America,Natural / Dry,Bourbon
66,85.5,1900.0,Africa,Natural / Dry,Bourbon
67,85.5,1900.0,Africa,Natural / Dry,Ethiopian Varieties
68,85.5,1600.0,Africa,Washed / Wet,Typica
69,85.5,1731.264,Central America,Washed / Wet,Bourbon
70,85.42,1900.0,Africa,Washed / Wet,Ethiopian Varieties
71,85.42,1950.0,Africa,Washed / Wet,Typica
72,85.42,518.16,Asia Pacific,Natural / Dry,Typica
73,85.42,1250.0,Brazil,Semi-Washed / Honey,Bourbon
74,85.42,1400.0,Central America,Washed / Wet,Bourbon
75,85.33,1700.0,Asia Pacific,Natural / Dry,Catimor
76,85.33,1770.0,Central America,Natural / Dry,Bourbon/Typica
77,85.33,1300.0,Central America,Washed / Wet,Bourbon
78,85.33,1300.0,Central America,Washed / Wet,Bourbon
79,85.33,1600.0,Africa,Washed / Wet,Typica
80,85.33,1200.0,Africa,Washed / Wet,Typica
81,85.33,1800.0,Africa,Natural / Dry,Typica
82,85.33,1800.0,Africa,Natural / Dry,Typica
83,85.25,1310.64,Central America,Washed / Wet,Bourbon
84,85.25,1550.0,South America,Washed / Wet,Bourbon
85,85.25,1550.0,South America,Natural / Dry,Bourbon
86,85.17,1325.0,Asia Pacific,Semi-Washed / Honey,Typica
87,85.17,1400.0,Central America,Washed / Wet,Bourbon
88,85.08,1800.0,Africa,Natural / Dry,Ethiopian Varieties
89,85.08,2560.0,South America,Natural / Dry,Bourbon
90,85.08,1700.0,Africa,Natural / Dry,Ethiopian Varieties
91,85.08,518.16,Asia Pacific,Natural / Dry,Typica
92,85.08,2136.0,South America,Natural / Dry,Bourbon
93,85.08,518.16,Asia Pacific,Natural / Dry,Typica
94,85.08,1800.0,Africa,Natural / Dry,Typica
95,85.08,518.16,Asia Pacific,Natural / Dry,Typica
96,85.0,1800.0,Africa,Washed / Wet,Typica
97,85.0,1750.0,South America,Washed / Wet,Bourbon
98,85.0,1900.0,Central America,Washed / Wet,Bourbon/Typica
99,85.0,1300.0,North America,Washed / Wet,Typica
100,85.0,1.0,Africa,Washed / Wet,Bourbon
101,85.0,1580.0,Africa,Washed / Wet,Typica
102,85.0,1100.0,Brazil,Natural / Dry,Bourbon/Typica
103,85.0,1400.0,North America,Washed / Wet,Bourbon/Typica
104,85.0,518.16,Asia Pacific,Natural / Dry,Typica
105,85.0,1325.88,Central America,Washed / Wet,Bourbon
106,84.92,1750.0,South America,Washed / Wet,Bourbon
107,84.92,1775.0,South America,Washed / Wet,Bourbon
108,84.92,800.0,Asia Pacific,Semi-Washed / Honey,Typica
109,84.92,1620.0,Africa,Washed / Wet,Bourbon
110,84.92,1775.0,South America,Washed / Wet,Bourbon
111,84.92,1200.0,North America,Semi-Washed / Honey,Typica
112,84.92,1200.0,Brazil,Natural / Dry,Bourbon
113,84.92,1000.0,Brazil,Natural / Dry,Bourbon/Typica
114,84.92,1754.0,Africa,Washed / Wet,Bourbon
115,84.83,350.0,Asia Pacific,Natural / Dry,Typica
116,84.83,1650.0,Africa,Natural / Dry,Typica
117,84.83,518.16,Asia Pacific,Natural / Dry,Typica
118,84.83,1750.0,Africa,Natural / Dry,Typica
119,84.83,1750.0,Africa,Natural / Dry,Typica
120,84.75,1200.0,Asia Pacific,Semi-Washed / Honey,Bourbon
121,84.75,1800.0,Africa,Washed / Wet,Typica
122,84.75,1450.0,Central America,Washed / Wet,Bourbon/Typica
123,84.75,1200.0,Central America,Washed / Wet,Bourbon
124,84.75,925.0,Central America,Washed / Wet,Bourbon
125,84.67,1350.0,Central America,Washed / Wet,Bourbon
126,84.67,1200.0,Asia Pacific,Washed / Wet,Ethiopian Varieties
127,84.67,170.0,Asia Pacific,Semi-Washed / Honey,Bourbon/Typica
128,84.67,1150.0,Central America,Washed / Wet,Bourbon/Typica
129,84.67,1600.0,Central America,Washed / Wet,Bourbon
130,84.67,1750.0,Central America,Washed / Wet,Bourbon
131,84.67,1900.0,Africa,Washed / Wet,Ethiopian Varieties
132,84.67,1750.0,Central America,Washed / Wet,Typica
133,84.67,1200.0,Central America,Washed / Wet,Bourbon/Typica
134,84.67,1300.0,Central America,Washed / Wet,Bourbon
135,84.67,1000.0,Asia Pacific,Washed / Wet,Typica
136,84.67,1550.0,South America,Washed / Wet,Bourbon
137,84.67,2000.0,Africa,Washed / Wet,Bourbon
138,84.67,1310.64,Central America,Washed / Wet,Bourbon
139,84.67,1524.0,Central America,Washed / Wet,Bourbon
140,84.67,1200.0,North America,Washed / Wet,Typica
141,84.67,1775.0,Africa,Washed / Wet,Typica
142,84.67,1200.0,South America,Washed / Wet,Typica
143,84.67,1750.0,Africa,Natural / Dry,Typica
144,84.58,1754.0,Africa,Washed / Wet,Typica
145,84.58,1500.0,South America,Washed / Wet,Bourbon
146,84.58,1750.0,South America,Washed / Wet,Bourbon
147,84.58,1800.0,Africa,Washed / Wet,Others
148,84.58,1524.0,Central America,Washed / Wet,Typica
149,84.58,1219.2,Central America,Washed / Wet,Bourbon
150,84.58,1550.0,South America,Washed / Wet,Bourbon
151,84.58,1750.0,South America,Washed / Wet,Bourbon
152,84.58,1754.0,Africa,Washed / Wet,Bourbon
153,84.58,1750.0,South America,Washed / Wet,Bourbon
154,84.58,1575.0,Central America,Semi-Washed / Honey,Bourbon
155,84.58,1800.0,South America,Washed / Wet,Bourbon
156,84.58,1300.0,Brazil,Semi-Washed / Honey,Bourbon
157,84.58,1100.0,Brazil,Semi-Washed / Honey,Bourbon/Typica
158,84.5,1200.0,Central America,Washed / Wet,Bourbon
159,84.5,1750.0,Africa,Washed / Wet,Typica
160,84.5,1680.0,Asia Pacific,Washed / Wet,Catimor
161,84.5,1700.0,Central America,Washed / Wet,Bourbon
162,84.5,1800.0,South America,Washed / Wet,Bourbon
163,84.5,1100.0,Asia Pacific,Washed / Wet,Catimor
164,84.5,1310.64,Central America,Washed / Wet,Bourbon
165,84.5,2000.0,Africa,Washed / Wet,Bourbon
166,84.5,1350.0,North America,Washed / Wet,Typica
167,84.5,1500.0,North America,Washed / Wet,Typica
168,84.5,1550.0,Central America,Washed / Wet,Bourbon
169,84.5,1000.0,Brazil,Natural / Dry,Bourbon
170,84.5,1000.0,Brazil,Natural / Dry,Bourbon
171,84.42,1300.0,Central America,Washed / Wet,Bourbon
172,84.42,1400.0,Asia Pacific,Semi-Washed / Honey,Bourbon/Typica
173,84.42,1750.0,South America,Natural / Dry,Bourbon
174,84.42,1775.0,South America,Washed / Wet,Bourbon
175,84.42,1200.0,Asia Pacific,Washed / Wet,Typica
176,84.42,518.16,Asia Pacific,Natural / Dry,Typica
177,84.42,900.0,North America,Washed / Wet,Bourbon/Typica
178,84.42,1800.0,Africa,Natural / Dry,Typica
179,84.33,1800.0,Africa,Washed / Wet,Bourbon
180,84.33,1500.0,Central America,Washed / Wet,Bourbon
181,84.33,1750.0,South America,Washed / Wet,Bourbon
182,84.33,1500.0,Central America,Washed / Wet,Bourbon/Typica
183,84.33,1750.0,South America,Washed / Wet,Bourbon
184,84.33,442.0,South America,Natural / Dry,Bourbon
185,84.33,1800.0,South America,Washed / Wet,Bourbon
186,84.33,1700.0,North America,Washed / Wet,Typica
187,84.33,1275.0,Brazil,Natural / Dry,Bourbon
188,84.33,1050.0,Brazil,Natural / Dry,Bourbon
189,84.33,1493.52,Africa,Natural / Dry,Ethiopian Varieties
190,84.33,1386.84,Central America,Washed / Wet,Bourbon
191,84.25,1000.0,Asia Pacific,Washed / Wet,Typica
192,84.25,1200.0,Asia Pacific,Natural / Dry,Catimor
193,84.25,2560.0,South America,Natural / Dry,Bourbon
194,84.25,1500.0,Central America,Washed / Wet,Bourbon
195,84.25,1099.4136,Central America,Washed / Wet,Bourbon
196,84.25,1400.0,Asia Pacific,Natural / Dry,Catimor
197,84.25,1775.0,South America,Washed / Wet,Bourbon
198,84.25,1775.0,South America,Washed / Wet,Bourbon
199,84.25,1800.0,South America,Washed / Wet,Bourbon
200,84.25,442.0,South America,Natural / Dry,Bourbon
201,84.25,1620.0,Africa,Washed / Wet,Bourbon
202,84.25,1600.0,Africa,Washed / Wet,Bourbon
203,84.25,1219.2,Central America,Natural / Dry,Bourbon
204,84.25,1700.0,South America,Washed / Wet,Bourbon
205,84.25,518.16,Asia Pacific,Natural / Dry,Typica
206,84.25,1450.0,North America,Semi-Washed / Honey,Typica
207,84.25,1170.0,North America,Washed / Wet,Bourbon
208,84.25,1400.0,North America,Washed / Wet,Bourbon
209,84.25,1700.0,Africa,Natural / Dry,Typica
210,84.17,1700.0,Central America,Washed / Wet,Bourbon
211,84.17,1750.0,South America,Washed / Wet,Bourbon
212,84.17,1700.0,Central America,Washed / Wet,Bourbon
213,84.17,1116.7872,Central America,Washed / Wet,Bourbon
214,84.17,1565.0,Central America,Washed / Wet,Bourbon
215,84.17,3280.0,Central America,Washed / Wet,Bourbon
216,84.17,1775.0,South America,Washed / Wet,Bourbon
217,84.17,1000.0,Central America,Natural / Dry,Bourbon
218,84.17,1150.0,Brazil,Natural / Dry,Bourbon/Typica
219,84.17,1850.0,Central America,Washed / Wet,Bourbon
220,84.17,1606.5,Africa,Natural / Dry,Ethiopian Varieties
221,84.17,1400.0,Africa,Washed / Wet,Bourbon
222,84.17,1530.0,South America,Washed / Wet,Bourbon
223,84.17,1421.16,Central America,Washed / Wet,Bourbon
224,84.17,250.5,Africa,Washed / Wet,Bourbon
225,84.17,1038.5,Brazil,Natural / Dry,Bourbon/Typica
226,84.17,1310.64,Central America,Washed / Wet,Bourbon
227,84.17,1500.0,Central America,Natural / Dry,Bourbon
228,84.17,1750.0,South America,Washed / Wet,Bourbon
229,84.17,1700.0,Central America,Natural / Dry,Bourbon/Typica
230,84.17,1600.0,Africa,Washed / Wet,Typica
231,84.13,1350.0,Asia Pacific,Natural / Dry,Bourbon/Typica
232,84.08,442.0,South America,Washed / Wet,Bourbon
233,84.08,968.0,Asia Pacific,Washed / Wet,Typica
234,84.08,1310.64,Central America,Washed / Wet,Bourbon
235,84.08,1775.0,South America,Washed / Wet,Bourbon
236,84.08,1550.0,Central America,Washed / Wet,Bourbon
237,84.08,518.16,Asia Pacific,Natural / Dry,Typica
238,84.08,1480.0,North America,Washed / Wet,Typica
239,84.08,1800.0,Africa,Natural / Dry,Ethiopian Varieties
240,84.0,1300.0,Central America,Washed / Wet,Bourbon
241,84.0,1800.0,Africa,Natural / Dry,Ethiopian Varieties
242,84.0,1500.0,Central America,Washed / Wet,Bourbon
243,84.0,1706.88,Central America,Washed / Wet,Bourbon
244,84.0,1600.0,South America,Washed / Wet,Bourbon
245,84.0,1219.2,Central America,Natural / Dry,Bourbon
246,84.0,1219.2,Central America,Washed / Wet,Bourbon
247,84.0,1480.0,South America,Washed / Wet,Bourbon
248,84.0,1450.0,South America,Natural / Dry,Bourbon
249,84.0,1775.0,South America,Washed / Wet,Bourbon
250,84.0,1550.0,Africa,Natural / Dry,Ethiopian Varieties
251,84.0,1260.0,Brazil,Natural / Dry,Bourbon
252,84.0,1700.0,South America,Washed / Wet,Bourbon
253,84.0,1200.0,Africa,Washed / Wet,Typica
254,84.0,1200.0,Asia Pacific,Washed / Wet,Bourbon
255,84.0,1650.0,Africa,Washed / Wet,Bourbon
256,84.0,1700.0,Africa,Washed / Wet,Typica
257,84.0,1200.0,Asia Pacific,Washed / Wet,Bourbon
258,83.92,890.0,Brazil,Natural / Dry,Bourbon
259,83.92,1300.0,North America,Washed / Wet,Bourbon/Typica
260,83.92,1350.0,Asia Pacific,Natural / Dry,Catimor
261,83.92,934.0,Brazil,Natural / Dry,Bourbon
262,83.92,1200.0,Asia Pacific,Washed / Wet,Typica
263,83.92,442.0,South America,Washed / Wet,Bourbon
264,83.92,1750.0,South America,Washed / Wet,Bourbon
265,83.92,750.0,Asia Pacific,Natural / Dry,Typica
266,83.92,1750.0,South America,Washed / Wet,Bourbon
267,83.92,1750.0,South America,Washed / Wet,Bourbon
268,83.92,1775.0,South America,Washed / Wet,Bourbon
269,83.92,950.0,Asia Pacific,Washed / Wet,Typica
270,83.92,1550.0,South America,Natural / Dry,Bourbon
271,83.92,900.0,North America,Washed / Wet,Typica
272,83.92,1500.0,North America,Washed / Wet,Typica
273,83.92,1400.0,North America,Washed / Wet,Typica
274,83.83,2527.0,South America,Washed / Wet,Bourbon
275,83.83,1750.0,South America,Washed / Wet,Bourbon
276,83.83,1850.0,Central America,Washed / Wet,Bourbon
277,83.83,1500.0,Central America,Washed / Wet,Bourbon
278,83.83,1200.0,Asia Pacific,Washed / Wet,Typica
279,83.83,1.0,Brazil,Natural / Dry,Bourbon
280,83.83,525.0,Asia Pacific,Washed / Wet,Typica
281,83.83,1676.5,Africa,Natural / Dry,Ethiopian Varieties
282,83.83,1200.0,Brazil,Semi-Washed / Honey,Bourbon
283,83.83,1300.0,Central America,Washed / Wet,Bourbon/Typica
284,83.83,1219.2,Central America,Washed / Wet,Bourbon
285,83.83,1260.0,Brazil,Natural / Dry,Bourbon
286,83.83,800.0,South America,Natural / Dry,Bourbon
287,83.83,1750.0,South America,Washed / Wet,Bourbon
288,83.83,1310.64,Central America,Washed / Wet,Bourbon
289,83.83,1218.0,North America,Natural / Dry,Bourbon
290,83.83,1300.0,North America,Natural / Dry,Typica
291,83.83,1250.0,Brazil,Semi-Washed / Honey,Bourbon
292,83.83,1499.9208,Asia Pacific,Washed / Wet,Bourbon
293,83.83,1200.0,Asia Pacific,Washed / Wet,Bourbon
294,83.83,1800.0,Africa,Natural / Dry,Typica
295,83.75,1800.0,Africa,Washed / Wet,Bourbon
296,83.75,890.0,Brazil,Natural / Dry,Bourbon
297,83.75,442.0,South America,Washed / Wet,Bourbon
298,83.75,750.0,Asia Pacific,Natural / Dry,Typica
299,83.75,1750.0,South America,Washed / Wet,Bourbon
300,83.75,1650.0,Asia Pacific,Washed / Wet,Catimor
301,83.75,442.0,South America,Natural / Dry,Bourbon
302,83.75,1400.0,Africa,Natural / Dry,Bourbon
303,83.75,853.44,North America,Washed / Wet,Bourbon
304,83.75,1775.0,South America,Washed / Wet,Bourbon
305,83.75,1550.0,South America,Washed / Wet,Bourbon
306,83.75,1750.0,South America,Washed / Wet,Bourbon
307,83.75,1750.0,South America,Washed / Wet,Bourbon
308,83.75,518.16,Asia Pacific,Natural / Dry,Typica
309,83.75,700.0,North America,Natural / Dry,Bourbon
310,83.75,1300.0,Central America,Washed / Wet,Bourbon
311,83.75,1600.0,South America,Washed / Wet,Bourbon
312,83.75,1600.0,South America,Washed / Wet,Bourbon
313,83.75,518.16,Asia Pacific,Natural / Dry,Typica
314,83.67,890.0,Brazil,Natural / Dry,Bourbon
315,83.67,1700.0,Africa,Washed / Wet,Bourbon
316,83.67,1400.0,Central America,Washed / Wet,Bourbon
317,83.67,1250.0,Central America,Washed / Wet,Bourbon
318,83.67,934.0,Brazil,Natural / Dry,Bourbon
319,83.67,1200.0,Asia Pacific,Natural / Dry,Bourbon
320,83.67,1350.0,Central America,Washed / Wet,Bourbon
321,83.67,800.0,Asia Pacific,Washed / Wet,Bourbon
322,83.67,1625.0,South America,Washed / Wet,Bourbon
323,83.67,1356.6648,Central America,Washed / Wet,Bourbon
324,83.67,1750.0,South America,Washed / Wet,Bourbon
325,83.67,1900.0,South America,Washed / Wet,Bourbon
326,83.67,1310.64,Central America,Washed / Wet,Bourbon
327,83.67,1310.64,Central America,Washed / Wet,Bourbon
328,83.67,1750.0,South America,Washed / Wet,Bourbon
329,83.67,1450.0,Central America,Natural / Dry,Bourbon
330,83.67,1310.64,Central America,Washed / Wet,Bourbon
331,83.67,1100.0,North America,Washed / Wet,Typica
332,83.67,1400.0,Asia Pacific,Washed / Wet,Typica
333,83.67,1524.0,Central America,Washed / Wet,Bourbon
334,83.67,518.16,Asia Pacific,Natural / Dry,Typica
335,83.58,890.0,Brazil,Natural / Dry,Bourbon
336,83.58,1128.3696,Central America,Washed / Wet,Bourbon
337,83.58,1750.0,South America,Washed / Wet,Bourbon
338,83.58,1100.0,Asia Pacific,Washed / Wet,Catimor
339,83.58,1775.0,South America,Washed / Wet,Bourbon
340,83.58,1200.0,North America,Washed / Wet,Bourbon
341,83.58,1850.0,Africa,Washed / Wet,Ethiopian Varieties
342,83.58,1800.0,Africa,Washed / Wet,Typica
343,83.58,1600.0,South America,Natural / Dry,Bourbon
344,83.58,1550.0,South America,Washed / Wet,Bourbon
345,83.58,1550.0,South America,Washed / Wet,Bourbon
346,83.58,1000.0,Asia Pacific,Washed / Wet,Typica
347,83.58,1775.0,South America,Washed / Wet,Bourbon
348,83.58,1000.0,North America,Washed / Wet,Typica
349,83.58,2136.0,South America,Natural / Dry,Bourbon
350,83.58,1100.0,Brazil,Semi-Washed / Honey,Bourbon/Typica
351,83.5,1799.0,South America,Washed / Wet,Bourbon
352,83.5,750.0,Asia Pacific,Washed / Wet,Typica
353,83.5,1850.0,Central America,Washed / Wet,Bourbon
354,83.5,1000.0,South America,Natural / Dry,Bourbon
355,83.5,1219.2,Central America,Washed / Wet,Bourbon
356,83.5,1775.0,South America,Washed / Wet,Bourbon
357,83.5,1400.0,Africa,Washed / Wet,Others
358,83.5,1500.0,Asia Pacific,Semi-Washed / Honey,Typica
359,83.5,1600.0,Africa,Natural / Dry,Ethiopian Varieties
360,83.5,1750.0,South America,Washed / Wet,Bourbon
361,83.5,1850.0,South America,Washed / Wet,Bourbon
362,83.5,1400.0,Central America,Washed / Wet,Bourbon
363,83.5,1650.0,South America,Washed / Wet,Bourbon
364,83.5,1350.0,Central America,Natural / Dry,Bourbon
365,83.5,1750.0,South America,Washed / Wet,Bourbon
366,83.5,1750.0,South America,Washed / Wet,Bourbon
367,83.5,1170.0,North America,Natural / Dry,Bourbon
368,83.5,940.0,North America,Semi-Washed / Honey,Typica
369,83.5,1400.0,North America,Washed / Wet,Bourbon/Typica
370,83.5,1524.0,Central America,Washed / Wet,Bourbon
371,83.5,1775.0,South America,Washed / Wet,Bourbon
372,83.5,1402.08,Central America,Washed / Wet,Bourbon
373,83.5,518.16,Asia Pacific,Natural / Dry,Typica
374,83.5,1600.0,Asia Pacific,Washed / Wet,Typica
375,83.42,439.0,South America,Washed / Wet,Bourbon
376,83.42,1700.0,Central America,Washed / Wet,Bourbon
377,83.42,442.0,South America,Washed / Wet,Bourbon
378,83.42,1850.0,Central America,Washed / Wet,Bourbon
379,83.42,750.0,Asia Pacific,Washed / Wet,Typica
380,83.42,1800.0,Africa,Washed / Wet,Typica
381,83.42,1200.0,Asia Pacific,Washed / Wet,Catimor
382,83.42,1330.0,Central America,Washed / Wet,Bourbon
383,83.42,442.0,South America,Natural / Dry,Bourbon
384,83.42,1250.0,Brazil,Semi-Washed / Honey,Bourbon
385,83.42,1600.0,Africa,Washed / Wet,Bourbon
386,83.42,1813.0,South America,Washed / Wet,Bourbon
387,83.42,1219.2,Central America,Natural / Dry,Bourbon
388,83.42,1500.0,Central America,Washed / Wet,Bourbon
389,83.42,1310.64,Central America,Washed / Wet,Bourbon
390,83.42,518.16,Asia Pacific,Natural / Dry,Typica
391,83.42,1450.0,South America,Washed / Wet,Bourbon
392,83.42,1750.0,South America,Washed / Wet,Bourbon
393,83.42,518.16,Asia Pacific,Natural / Dry,Typica
394,83.42,1200.0,Asia Pacific,Washed / Wet,Others
395,83.38,1050.0,North America,Washed / Wet,Typica
396,83.33,1650.0,South America,Washed / Wet,Bourbon
397,83.33,1750.0,South America,Washed / Wet,Bourbon
398,83.33,1750.0,South America,Washed / Wet,Bourbon
399,83.33,1227.0,Brazil,Semi-Washed / Honey,Bourbon/Typica
400,83.33,1200.0,North America,Washed / Wet,Bourbon
401,83.33,1650.0,South America,Washed / Wet,Bourbon
402,83.33,1700.0,Africa,Semi-Washed / Honey,Bourbon
403,83.33,1100.0,North America,Washed / Wet,Typica
404,83.33,1300.0,Central America,Washed / Wet,Bourbon
405,83.33,518.16,Asia Pacific,Natural / Dry,Typica
406,83.33,1200.0,Central America,Washed / Wet,Bourbon/Typica
407,83.33,1200.0,South America,Washed / Wet,Typica
408,83.33,1280.16,North America,Washed / Wet,Typica
409,83.33,1000.0,South America,Natural / Dry,Bourbon
410,83.33,1310.64,Central America,Washed / Wet,Bourbon
411,83.33,518.16,Asia Pacific,Natural / Dry,Typica
412,83.33,1880.0,Africa,Washed / Wet,Bourbon
413,83.33,1750.0,South America,Washed / Wet,Bourbon
414,83.33,518.16,Asia Pacific,Natural / Dry,Typica
415,83.33,518.16,Asia Pacific,Natural / Dry,Typica
416,83.25,1600.0,North America,Washed / Wet,Typica
417,83.25,1900.0,Central America,Semi-Washed / Honey,Bourbon/Typica
418,83.25,1600.0,Central America,Washed / Wet,Bourbon
419,83.25,2100.0,Central America,Washed / Wet,Typica
420,83.25,1750.0,Africa,Washed / Wet,Typica
421,83.25,1000.0,Brazil,Natural / Dry,Bourbon
422,83.25,442.0,South America,Natural / Dry,Bourbon
423,83.25,1261.0,North America,Natural / Dry,Typica
424,83.25,1000.0,Asia Pacific,Washed / Wet,Bourbon
425,83.25,800.0,Asia Pacific,Washed / Wet,Typica
426,83.25,1483.0,South America,Natural / Dry,Bourbon
427,83.25,1500.0,Central America,Washed / Wet,Bourbon
428,83.25,1750.0,South America,Washed / Wet,Bourbon
429,83.25,1300.0,North America,Washed / Wet,Bourbon
430,83.25,518.16,Asia Pacific,Natural / Dry,Typica
431,83.25,1300.0,North America,Washed / Wet,Bourbon/Typica
432,83.25,1000.0,North America,Washed / Wet,Bourbon
433,83.25,1310.64,Central America,Washed / Wet,Bourbon
434,83.25,1200.0,Brazil,Semi-Washed / Honey,Bourbon
435,83.25,175.0,South America,Washed / Wet,Bourbon
436,83.25,1775.0,South America,Washed / Wet,Bourbon
437,83.25,1700.0,South America,Washed / Wet,Bourbon
438,83.25,1880.0,South America,Washed / Wet,Bourbon
439,83.25,1800.0,South America,Washed / Wet,Bourbon
440,83.17,890.0,Brazil,Natural / Dry,Bourbon
441,83.17,1901.0,Central America,Washed / Wet,Bourbon
442,83.17,168.0,Africa,Washed / Wet,Bourbon
443,83.17,1200.0,South America,Washed / Wet,Typica
444,83.17,1550.0,Asia Pacific,Natural / Dry,Catimor
445,83.17,1500.0,Central America,Washed / Wet,Bourbon
446,83.17,1450.0,Central America,Washed / Wet,Bourbon/Typica
447,83.17,1200.0,Asia Pacific,Washed / Wet,Catimor
448,83.17,1600.0,Asia Pacific,Washed / Wet,Catimor
449,83.17,1350.0,Central America,Washed / Wet,Bourbon
450,83.17,1500.0,Central America,Washed / Wet,Bourbon
451,83.17,1650.0,Central America,Washed / Wet,Bourbon
452,83.17,250.5,Africa,Washed / Wet,Bourbon
453,83.17,800.0,Asia Pacific,Washed / Wet,Bourbon
454,83.17,1653.0,Africa,Washed / Wet,Bourbon
455,83.17,1775.0,South America,Washed / Wet,Bourbon
456,83.17,1800.0,Africa,Washed / Wet,Typica
457,83.17,1750.0,South America,Washed / Wet,Bourbon
458,83.17,1450.0,Central America,Natural / Dry,Bourbon/Typica
459,83.17,1350.0,Central America,Natural / Dry,Bourbon
460,83.17,1524.0,Central America,Washed / Wet,Bourbon/Typica
461,83.17,518.16,Asia Pacific,Natural / Dry,Typica
462,83.17,1800.0,Africa,Washed / Wet,Bourbon
463,83.17,1310.64,Central America,Washed / Wet,Bourbon
464,83.17,1500.0,North America,Washed / Wet,Typica
465,83.17,532.0,North America,Washed / Wet,Typica
466,83.17,1089.0,North America,Washed / Wet,Bourbon/Typica
467,83.17,1775.0,South America,Washed / Wet,Bourbon
468,83.17,700.0,North America,Washed / Wet,Typica
469,83.17,1750.0,South America,Washed / Wet,Bourbon
470,83.17,1380.0,North America,Washed / Wet,Typica
471,83.17,1000.0,Brazil,Natural / Dry,Bourbon/Typica
472,83.17,950.0,Brazil,Natural / Dry,Bourbon/Typica
473,83.17,1402.08,Central America,Washed / Wet,Bourbon
474,83.17,1000.0,Brazil,Semi-Washed / Honey,Bourbon/Typica
475,83.17,900.0,Brazil,Natural / Dry,Bourbon/Typica
476,83.17,1200.0,Central America,Washed / Wet,Bourbon
477,83.17,1850.0,Africa,Natural / Dry,Ethiopian Varieties
478,83.08,1799.0,South America,Washed / Wet,Bourbon
479,83.08,1750.0,South America,Washed / Wet,Bourbon
480,83.08,905.0,Brazil,Semi-Washed / Honey,Bourbon
481,83.08,1.0,Brazil,Natural / Dry,Bourbon
482,83.08,750.0,Asia Pacific,Natural / Dry,Typica
483,83.08,1000.0,Brazil,Natural / Dry,Bourbon/Typica
484,83.08,1200.0,Brazil,Washed / Wet,Bourbon
485,83.08,1300.0,Central America,Washed / Wet,Bourbon/Typica
486,83.08,518.16,Asia Pacific,Natural / Dry,Typica
487,83.08,1300.0,Asia Pacific,Washed / Wet,Typica
488,83.08,518.16,Asia Pacific,Natural / Dry,Typica
489,83.08,1400.0,North America,Washed / Wet,Typica
490,83.08,518.16,Asia Pacific,Natural / Dry,Typica
491,83.08,518.16,Asia Pacific,Washed / Wet,Typica
492,83.08,1775.0,South America,Washed / Wet,Bourbon
493,83.08,1880.0,South America,Washed / Wet,Bourbon
494,83.08,1350.0,Asia Pacific,Natural / Dry,Bourbon
495,83.08,1421.16,Central America,Washed / Wet,Bourbon
496,83.0,890.0,Brazil,Natural / Dry,Bourbon
497,83.0,894.0,Brazil,Natural / Dry,Bourbon
498,83.0,872.0,Brazil,Natural / Dry,Bourbon
499,83.0,1473.0,Africa,Washed / Wet,Bourbon
500,83.0,1645.0,Africa,Natural / Dry,Bourbon
501,83.0,442.0,South America,Washed / Wet,Bourbon
502,83.0,1550.0,Asia Pacific,Washed / Wet,Bourbon
503,83.0,1550.0,Central America,Washed / Wet,Bourbon/Typica
504,83.0,1371.6,Central America,Washed / Wet,Bourbon/Typica
505,83.0,1500.0,Central America,Washed / Wet,Bourbon
506,83.0,1000.0,Brazil,Natural / Dry,Bourbon/Typica
507,83.0,1200.0,Asia Pacific,Washed / Wet,Typica
508,83.0,1800.0,Africa,Washed / Wet,Typica
509,83.0,853.44,North America,Washed / Wet,Bourbon
510,83.0,1500.0,Central America,Washed / Wet,Bourbon
511,83.0,1200.0,Central America,Washed / Wet,Bourbon/Typica
512,83.0,1250.0,Brazil,Semi-Washed / Honey,Bourbon
513,83.0,1775.0,South America,Washed / Wet,Bourbon
514,83.0,1750.0,South America,Washed / Wet,Bourbon
515,83.0,1000.0,South America,Natural / Dry,Bourbon
516,83.0,1000.0,South America,Natural / Dry,Bourbon
517,83.0,1775.0,South America,Washed / Wet,Bourbon
518,83.0,750.0,North America,Washed / Wet,Typica
519,83.0,1200.0,North America,Semi-Washed / Honey,Typica
520,83.0,1200.0,North America,Washed / Wet,Bourbon
521,83.0,1750.0,South America,Natural / Dry,Bourbon/Typica
522,83.0,1625.0,South America,Washed / Wet,Bourbon
523,83.0,1750.0,South America,Washed / Wet,Bourbon
524,83.0,1371.6,Central America,Washed / Wet,Bourbon
525,83.0,1775.0,South America,Washed / Wet,Bourbon
526,83.0,1200.0,Asia Pacific,Washed / Wet,Bourbon
527,83.0,1450.0,South America,Washed / Wet,Bourbon
528,83.0,518.16,Asia Pacific,Natural / Dry,Typica
529,83.0,518.16,Asia Pacific,Natural / Dry,Typica
530,83.0,1800.0,South America,Washed / Wet,Bourbon
531,83.0,1250.0,Central America,Washed / Wet,Bourbon
532,83.0,1200.0,Asia Pacific,Washed / Wet,Others
533,82.92,890.0,Brazil,Natural / Dry,Bourbon
534,82.92,1350.0,Central America,Washed / Wet,Bourbon
535,82.92,1500.0,South America,Washed / Wet,Bourbon
536,82.92,350.0,Asia Pacific,Natural / Dry,Bourbon
537,82.92,2000.0,Africa,Washed / Wet,Ethiopian Varieties
538,82.92,775.0,Asia Pacific,Natural / Dry,Typica
539,82.92,1200.0,Asia Pacific,Washed / Wet,Catimor
540,82.92,1600.0,Asia Pacific,Washed / Wet,Catimor
541,82.92,1059.0,North America,Natural / Dry,Typica
542,82.92,1300.0,North America,Washed / Wet,Bourbon
543,82.92,11000.0,Brazil,Semi-Washed / Honey,Others
544,82.92,1650.0,Africa,Washed / Wet,Typica
545,82.92,1400.0,Africa,Washed / Wet,Typica
546,82.92,1500.0,Central America,Washed / Wet,Bourbon
547,82.92,1500.0,Central America,Natural / Dry,Bourbon
548,82.92,1421.16,Central America,Washed / Wet,Bourbon
549,82.92,1900.0,South America,Washed / Wet,Bourbon
550,82.92,1750.0,South America,Natural / Dry,Bourbon
551,82.92,1706.88,Central America,Washed / Wet,Bourbon
552,82.92,1450.0,South America,Washed / Wet,Bourbon
553,82.92,1248.0,North America,Natural / Dry,Typica
554,82.92,1040.0,Asia Pacific,Natural / Dry,Catimor
555,82.92,1400.0,North America,Washed / Wet,Typica
556,82.92,518.16,Asia Pacific,Washed / Wet,Typica
557,82.92,1450.0,South America,Washed / Wet,Bourbon
558,82.92,1200.0,Asia Pacific,Washed / Wet,Others
559,82.83,1754.0,Africa,Washed / Wet,Bourbon
560,82.83,1700.0,Central America,Washed / Wet,Bourbon
561,82.83,905.0,Brazil,Semi-Washed / Honey,Bourbon
562,82.83,1250.0,Central America,Washed / Wet,Typica
563,82.83,1900.0,Africa,Washed / Wet,Bourbon
564,82.83,1040.0,Asia Pacific,Washed / Wet,Bourbon
565,82.83,1219.2,Central America,Washed / Wet,Bourbon
566,82.83,900.0,Brazil,Natural / Dry,Bourbon/Typica
567,82.83,1600.0,South America,Washed / Wet,Bourbon
568,82.83,1200.0,Asia Pacific,Washed / Wet,Typica
569,82.83,1500.0,Central America,Washed / Wet,Bourbon
570,82.83,1800.0,South America,Natural / Dry,Typica
571,82.83,1775.0,South America,Washed / Wet,Bourbon
572,82.83,1400.0,Africa,Washed / Wet,Bourbon/Typica
573,82.83,1550.0,North America,Washed / Wet,Bourbon
574,82.83,1250.0,North America,Washed / Wet,Bourbon
575,82.83,1310.64,Central America,Washed / Wet,Bourbon
576,82.83,1380.0,North America,Washed / Wet,Typica
577,82.83,1200.0,Central America,Washed / Wet,Bourbon
578,82.75,1100.0,Central America,Washed / Wet,Bourbon
579,82.75,1800.0,Central America,Washed / Wet,Bourbon
580,82.75,1700.0,Central America,Washed / Wet,Bourbon
581,82.75,1219.2,Central America,Washed / Wet,Bourbon
582,82.75,1219.2,Central America,Washed / Wet,Bourbon
583,82.75,1500.0,Asia Pacific,Semi-Washed / Honey,Typica
584,82.75,157.8864,Central America,Washed / Wet,Bourbon
585,82.75,650.0,Asia Pacific,Natural / Dry,Bourbon
586,82.75,1250.0,Central America,Washed / Wet,Bourbon
587,82.75,1850.0,Central America,Washed / Wet,Bourbon
588,82.75,1400.0,Central America,Natural / Dry,Bourbon
589,82.75,905.0,Brazil,Semi-Washed / Honey,Bourbon
590,82.75,1100.0,Asia Pacific,Natural / Dry,Catimor
591,82.75,1500.0,Asia Pacific,Washed / Wet,Catimor
592,82.75,1775.0,South America,Washed / Wet,Bourbon
593,82.75,1442.0,Africa,Washed / Wet,Ethiopian Varieties
594,82.75,1524.0,Central America,Washed / Wet,Typica
595,82.75,165.0,South America,Washed / Wet,Typica
596,82.75,518.16,Asia Pacific,Natural / Dry,Typica
597,82.75,518.16,Asia Pacific,Natural / Dry,Typica
598,82.75,1300.0,South America,Washed / Wet,Bourbon
599,82.75,1550.0,North America,Washed / Wet,Typica
600,82.75,1200.0,North America,Washed / Wet,Typica
601,82.75,1200.0,North America,Natural / Dry,Typica
602,82.75,1625.0,South America,Washed / Wet,Bourbon
603,82.75,1775.0,South America,Washed / Wet,Bourbon
604,82.75,518.16,Asia Pacific,Washed / Wet,Typica
605,82.75,1100.0,Central America,Washed / Wet,Bourbon/Typica
606,82.75,518.16,Asia Pacific,Natural / Dry,Typica
607,82.67,890.0,Brazil,Natural / Dry,Bourbon
608,82.67,934.0,Brazil,Natural / Dry,Bourbon
609,82.67,1300.0,Asia Pacific,Washed / Wet,Catimor
610,82.67,1200.0,Central America,Washed / Wet,Typica
611,82.67,1300.0,North America,Washed / Wet,Bourbon/Typica
612,82.67,1750.0,South America,Washed / Wet,Bourbon
613,82.67,1.0,Brazil,Natural / Dry,Bourbon
614,82.67,1200.0,Brazil,Natural / Dry,Bourbon/Typica
615,82.67,1700.0,Africa,Washed / Wet,Bourbon
616,82.67,1550.0,Africa,Washed / Wet,Bourbon
617,82.67,1200.0,Asia Pacific,Washed / Wet,Typica
618,82.67,1296.0,North America,Natural / Dry,Typica
619,82.67,1650.0,Africa,Washed / Wet,Typica
620,82.67,1240.0,Asia Pacific,Washed / Wet,Typica
621,82.67,1500.0,Asia Pacific,Washed / Wet,Bourbon
622,82.67,1800.0,South America,Washed / Wet,Bourbon
623,82.67,1350.0,Central America,Washed / Wet,Bourbon
624,82.67,1500.0,Central America,Washed / Wet,Bourbon
625,82.67,1200.0,Asia Pacific,Washed / Wet,Bourbon
626,82.67,1100.0,North America,Washed / Wet,Typica
627,82.67,950.0,North America,Washed / Wet,Typica
628,82.67,3850.0,South America,Washed / Wet,Bourbon
629,82.67,518.16,Asia Pacific,Natural / Dry,Typica
630,82.67,1400.0,North America,Washed / Wet,Typica
631,82.67,1800.0,South America,Washed / Wet,Bourbon
632,82.67,1750.0,South America,Washed / Wet,Bourbon
633,82.58,1219.2,Central America,Washed / Wet,Bourbon
634,82.58,1050.0,Asia Pacific,Semi-Washed / Honey,Typica
635,82.58,1000.0,Brazil,Semi-Washed / Honey,Bourbon
636,82.58,200.0,Asia Pacific,Washed / Wet,Typica
637,82.58,1000.0,Brazil,Natural / Dry,Bourbon
638,82.58,1250.0,Asia Pacific,Semi-Washed / Honey,Typica
639,82.58,800.0,Asia Pacific,Washed / Wet,Bourbon
640,82.58,1450.0,Asia Pacific,Washed / Wet,Bourbon
641,82.58,1317.0,Africa,Washed / Wet,Bourbon
642,82.58,1650.0,Africa,Natural / Dry,Typica
643,82.58,1300.0,Central America,Washed / Wet,Bourbon/Typica
644,82.58,1300.0,North America,Washed / Wet,Typica
645,82.58,1421.16,Central America,Natural / Dry,Bourbon
646,82.58,1750.0,South America,Washed / Wet,Bourbon
647,82.58,1750.0,South America,Washed / Wet,Bourbon
648,82.58,1750.0,South America,Washed / Wet,Bourbon
649,82.58,1250.0,North America,Washed / Wet,Typica
650,82.58,1150.0,North America,Washed / Wet,Typica
651,82.58,1775.0,South America,Washed / Wet,Bourbon
652,82.58,975.0,Brazil,Natural / Dry,Bourbon/Typica
653,82.5,890.0,Brazil,Natural / Dry,Bourbon
654,82.5,1250.0,Asia Pacific,Washed / Wet,Typica
655,82.5,1400.0,Central America,Washed / Wet,Bourbon
656,82.5,1219.2,Central America,Washed / Wet,Bourbon
657,82.5,800.0,Asia Pacific,Washed / Wet,Bourbon
658,82.5,1450.0,Asia Pacific,Washed / Wet,Bourbon
659,82.5,1600.0,Africa,Washed / Wet,Bourbon
660,82.5,1600.0,Africa,Washed / Wet,Bourbon
661,82.5,1600.0,North America,Washed / Wet,Typica
662,82.5,1260.0,Brazil,Semi-Washed / Honey,Bourbon
663,82.5,1310.64,Central America,Washed / Wet,Bourbon
664,82.5,1750.0,South America,Washed / Wet,Bourbon
665,82.5,1310.64,Central America,Washed / Wet,Bourbon
666,82.5,1679.0,North America,Washed / Wet,Typica
667,82.5,1100.0,North America,Washed / Wet,Typica
668,82.5,1650.0,North America,Semi-Washed / Honey,Typica
669,82.5,1421.16,Central America,Natural / Dry,Bourbon
670,82.5,1250.0,Brazil,Semi-Washed / Honey,Bourbon
671,82.5,1775.0,South America,Washed / Wet,Bourbon
672,82.5,518.16,Asia Pacific,Washed / Wet,Typica
673,82.5,1600.0,Central America,Washed / Wet,Bourbon
674,82.42,1500.0,Central America,Washed / Wet,Bourbon/Typica
675,82.42,1700.0,Central America,Washed / Wet,Bourbon
676,82.42,1700.0,Central America,Washed / Wet,Bourbon
677,82.42,157.8864,Central America,Washed / Wet,Bourbon
678,82.42,1100.0,Central America,Washed / Wet,Bourbon
679,82.42,1600.0,South America,Washed / Wet,Bourbon
680,82.42,1600.0,Asia Pacific,Washed / Wet,Catimor
681,82.42,1000.0,Brazil,Natural / Dry,Bourbon
682,82.42,2285.0,Africa,Washed / Wet,Others
683,82.42,1.0,Brazil,Natural / Dry,Bourbon
684,82.42,1400.0,Central America,Washed / Wet,Bourbon
685,82.42,1296.0,North America,Washed / Wet,Typica
686,82.42,1000.0,Brazil,Semi-Washed / Honey,Bourbon/Typica
687,82.42,1200.0,South America,Washed / Wet,Typica
688,82.42,1260.0,Brazil,Natural / Dry,Bourbon
689,82.42,1170.0,North America,Washed / Wet,Bourbon
690,82.42,1300.0,Central America,Washed / Wet,Bourbon/Typica
691,82.42,1775.0,South America,Washed / Wet,Bourbon
692,82.42,1560.0,North America,Washed / Wet,Typica
693,82.42,1400.0,North America,Semi-Washed / Honey,Typica
694,82.42,1300.0,North America,Washed / Wet,Typica
695,82.42,1170.0,North America,Washed / Wet,Bourbon
696,82.42,1300.0,North America,Washed / Wet,Typica
697,82.42,1350.0,North America,Washed / Wet,Bourbon/Typica
698,82.42,1150.0,North America,Washed / Wet,Bourbon
699,82.42,1250.0,North America,Washed / Wet,Bourbon
700,82.42,1450.0,North America,Washed / Wet,Typica
701,82.42,442.0,South America,Natural / Dry,Bourbon
702,82.42,1000.0,Brazil,Natural / Dry,Bourbon/Typica
703,82.42,1750.0,South America,Washed / Wet,Bourbon
704,82.42,1750.0,South America,Washed / Wet,Bourbon
705,82.33,1396.0,Central America,Washed / Wet,Bourbon
706,82.33,982.0,Brazil,Natural / Dry,Bourbon/Typica
707,82.33,1000.0,Brazil,Natural / Dry,Bourbon
708,82.33,934.0,Brazil,Natural / Dry,Bourbon
709,82.33,1850.0,Central America,Washed / Wet,Bourbon
710,82.33,1550.0,Central America,Washed / Wet,Bourbon/Typica
711,82.33,1580.0,Asia Pacific,Semi-Washed / Honey,Catimor
712,82.33,1268.0,Brazil,Natural / Dry,Bourbon
713,82.33,1000.0,Brazil,Natural / Dry,Bourbon/Typica
714,82.33,1676.4,Central America,Washed / Wet,Bourbon
715,82.33,1450.0,Africa,Washed / Wet,Ethiopian Varieties
716,82.33,1100.0,Brazil,Natural / Dry,Bourbon
717,82.33,1524.0,Central America,Washed / Wet,Typica
718,82.33,1300.0,North America,Washed / Wet,Typica
719,82.33,1300.0,South America,Washed / Wet,Bourbon
720,82.33,200.0,Asia Pacific,Semi-Washed / Honey,Typica
721,82.33,600.0,Asia Pacific,Washed / Wet,Typica
722,82.33,1310.64,Central America,Washed / Wet,Bourbon
723,82.33,1750.0,South America,Washed / Wet,Bourbon
724,82.33,1300.0,North America,Washed / Wet,Typica
725,82.33,1300.0,Central America,Washed / Wet,Bourbon
726,82.33,1752.6,Central America,Washed / Wet,Bourbon
727,82.33,441.0,North America,Natural / Dry,Typica
728,82.33,1170.0,North America,Washed / Wet,Bourbon
729,82.33,1310.64,Central America,Washed / Wet,Bourbon
730,82.33,1100.0,Brazil,Natural / Dry,Bourbon/Typica
731,82.33,1300.0,North America,Washed / Wet,Typica
732,82.33,950.0,Brazil,Washed / Wet,Bourbon/Typica
733,82.33,442.0,South America,Natural / Dry,Bourbon
734,82.25,1100.0,Brazil,Washed / Wet,Bourbon/Typica
735,82.25,750.0,Asia Pacific,Washed / Wet,Typica
736,82.25,1450.0,Central America,Washed / Wet,Typica
737,82.25,1.0,Brazil,Natural / Dry,Bourbon
738,82.25,1500.0,Central America,Washed / Wet,Bourbon
739,82.25,1350.0,Central America,Washed / Wet,Bourbon/Typica
740,82.25,1180.0,Africa,Washed / Wet,Ethiopian Varieties
741,82.25,1100.0,Brazil,Natural / Dry,Bourbon
742,82.25,650.0,Asia Pacific,Washed / Wet,Typica
743,82.25,1338.0,North America,Washed / Wet,Bourbon/Typica
744,82.25,518.16,Asia Pacific,Natural / Dry,Typica
745,82.25,533.0,North America,Washed / Wet,Bourbon
746,82.25,1390.8024,Central America,Washed / Wet,Bourbon
747,82.25,1170.0,North America,Washed / Wet,Bourbon
748,82.25,1250.0,North America,Washed / Wet,Typica
749,82.25,1350.0,Central America,Washed / Wet,Bourbon
750,82.25,1100.0,North America,Washed / Wet,Typica
751,82.25,900.0,North America,Washed / Wet,Typica
752,82.25,1750.0,South America,Washed / Wet,Bourbon
753,82.25,1775.0,South America,Washed / Wet,Bourbon
754,82.25,1065.0,Brazil,Natural / Dry,Bourbon/Typica
755,82.25,1750.0,South America,Washed / Wet,Bourbon
756,82.17,934.0,Brazil,Natural / Dry,Bourbon
757,82.17,1500.0,Central America,Washed / Wet,Bourbon
758,82.17,1000.0,Central America,Washed / Wet,Bourbon
759,82.17,1650.0,Africa,Washed / Wet,Bourbon
760,82.17,1600.0,Africa,Washed / Wet,Bourbon
761,82.17,1.0,Brazil,Natural / Dry,Bourbon
762,82.17,800.0,Asia Pacific,Washed / Wet,Bourbon
763,82.17,1350.0,Central America,Washed / Wet,Bourbon/Typica
764,82.17,1500.0,Central America,Washed / Wet,Bourbon
765,82.17,1000.0,Brazil,Natural / Dry,Bourbon/Typica
766,82.17,1700.0,Africa,Washed / Wet,Bourbon
767,82.17,1100.0,North America,Washed / Wet,Typica
768,82.17,1400.0,North America,Washed / Wet,Typica
769,82.17,1200.0,Asia Pacific,Washed / Wet,Typica
770,82.17,800.0,Asia Pacific,Washed / Wet,Typica
771,82.17,1750.0,South America,Washed / Wet,Bourbon
772,82.17,1144.0,North America,Washed / Wet,Typica
773,82.17,1350.0,Central America,Washed / Wet,Bourbon
774,82.17,1000.0,North America,Washed / Wet,Typica
775,82.17,1200.0,North America,Washed / Wet,Typica
776,82.17,1800.0,South America,Washed / Wet,Bourbon
777,82.08,1300.0,Asia Pacific,Washed / Wet,Bourbon
778,82.08,1750.0,South America,Washed / Wet,Bourbon
779,82.08,894.0,Brazil,Natural / Dry,Bourbon
780,82.08,1.0,Brazil,Natural / Dry,Bourbon
781,82.08,1300.0,Central America,Washed / Wet,Bourbon
782,82.08,1500.0,Africa,Washed / Wet,Bourbon
783,82.08,1600.0,Africa,Washed / Wet,Bourbon
784,82.08,1750.0,South America,Washed / Wet,Bourbon
785,82.08,13.0,Central America,Washed / Wet,Bourbon
786,82.08,518.16,Asia Pacific,Natural / Dry,Typica
787,82.08,1300.0,North America,Washed / Wet,Typica
788,82.08,1800.0,North America,Washed / Wet,Typica
789,82.08,1250.0,North America,Washed / Wet,Typica
790,82.08,1040.0,Asia Pacific,Natural / Dry,Catimor
791,82.08,1250.0,North America,Washed / Wet,Typica
792,82.08,518.16,Asia Pacific,Washed / Wet,Typica
793,82.08,1600.0,South America,Washed / Wet,Bourbon
794,82.0,1600.0,Central America,Washed / Wet,Bourbon
795,82.0,1600.0,Central America,Natural / Dry,Bourbon
796,82.0,944.0,Brazil,Natural / Dry,Bourbon
797,82.0,1650.0,Africa,Washed / Wet,Bourbon
798,82.0,1250.0,Asia Pacific,Washed / Wet,Catimor
799,82.0,1350.0,Africa,Washed / Wet,Bourbon
800,82.0,2500.0,Africa,Washed / Wet,Ethiopian Varieties
801,82.0,600.0,Asia Pacific,Washed / Wet,Typica
802,82.0,800.0,Asia Pacific,Washed / Wet,Bourbon
803,82.0,1300.0,Central America,Washed / Wet,Bourbon/Typica
804,82.0,1400.0,Central America,Washed / Wet,Bourbon
805,82.0,1900.0,South America,Washed / Wet,Bourbon
806,82.0,650.0,Asia Pacific,Washed / Wet,Typica
807,82.0,1038.5,Brazil,Natural / Dry,Bourbon/Typica
808,82.0,940.0,North America,Washed / Wet,Typica
809,82.0,1000.0,Brazil,Natural / Dry,Bourbon/Typica
810,82.0,1050.0,Brazil,Semi-Washed / Honey,Bourbon/Typica
811,82.0,1676.0,Central America,Natural / Dry,Bourbon
812,82.0,950.0,Brazil,Semi-Washed / Honey,Bourbon/Typica
813,82.0,1402.08,Central America,Washed / Wet,Bourbon
814,82.0,1775.0,South America,Washed / Wet,Bourbon
815,81.92,1901.0,Central America,Washed / Wet,Bourbon
816,81.92,1219.2,Central America,Washed / Wet,Bourbon
817,81.92,1400.0,Central America,Washed / Wet,Bourbon
818,81.92,1020.0,Brazil,Natural / Dry,Bourbon/Typica
819,81.92,1250.0,Central America,Washed / Wet,Bourbon
820,81.92,1550.0,Central America,Washed / Wet,Bourbon/Typica
821,81.92,1877.0,Africa,Washed / Wet,Bourbon
822,81.92,1140.0,Central America,Washed / Wet,Bourbon
823,81.92,1250.0,Africa,Washed / Wet,Bourbon
824,81.92,1300.0,Central America,Washed / Wet,Bourbon/Typica
825,81.92,1000.0,Asia Pacific,Washed / Wet,Typica
826,81.92,1300.0,North America,Washed / Wet,Bourbon
827,81.92,981.0,North America,Semi-Washed / Honey,Typica
828,81.92,690.0,North America,Washed / Wet,Bourbon/Typica
829,81.92,1650.0,North America,Washed / Wet,Typica
830,81.92,1000.0,North America,Washed / Wet,Bourbon
831,81.92,1100.0,Brazil,Natural / Dry,Bourbon/Typica
832,81.92,1600.0,South America,Washed / Wet,Bourbon
833,81.83,157.8864,Central America,Washed / Wet,Bourbon
834,81.83,1900.0,Central America,Semi-Washed / Honey,Bourbon/Typica
835,81.83,973.0,Brazil,Natural / Dry,Bourbon/Typica
836,81.83,1250.0,Asia Pacific,Washed / Wet,Typica
837,81.83,3280.0,Central America,Washed / Wet,Bourbon
838,81.83,1.0,Brazil,Natural / Dry,Bourbon
839,81.83,1.0,Brazil,Natural / Dry,Bourbon
840,81.83,4001.0,Asia Pacific,Washed / Wet,Bourbon/Typica
841,81.83,1425.0,North America,Washed / Wet,Bourbon/Typica
842,81.83,1400.0,Central America,Washed / Wet,Bourbon/Typica
843,81.83,1300.0,Central America,Washed / Wet,Bourbon
844,81.83,700.0,Asia Pacific,Washed / Wet,Typica
845,81.83,1300.0,Asia Pacific,Washed / Wet,Typica
846,81.83,1556.0,Africa,Washed / Wet,Ethiopian Varieties
847,81.83,1100.0,Brazil,Natural / Dry,Bourbon
848,81.83,1350.0,Central America,Natural / Dry,Bourbon
849,81.83,1550.0,North America,Washed / Wet,Typica
850,81.83,1775.0,South America,Washed / Wet,Bourbon
851,81.83,518.16,Asia Pacific,Natural / Dry,Typica
852,81.83,1250.0,Brazil,Semi-Washed / Honey,Bourbon
853,81.83,1310.64,Central America,Washed / Wet,Bourbon
854,81.83,1500.0,North America,Washed / Wet,Bourbon
855,81.83,1250.0,North America,Semi-Washed / Honey,Typica
856,81.83,925.0,Brazil,Natural / Dry,Bourbon/Typica
857,81.83,1700.0,South America,Washed / Wet,Bourbon
858,81.83,518.16,Asia Pacific,Natural / Dry,Typica
859,81.75,1700.0,Central America,Washed / Wet,Bourbon
860,81.75,1040.0,Asia Pacific,Washed / Wet,Bourbon
861,81.75,1600.0,Africa,Washed / Wet,Bourbon
862,81.75,1000.0,Brazil,Natural / Dry,Bourbon
863,81.75,774.0,North America,Washed / Wet,Bourbon
864,81.75,1250.0,North America,Washed / Wet,Bourbon/Typica
865,81.75,1100.0,North America,Washed / Wet,Typica
866,81.75,1550.0,North America,Washed / Wet,Bourbon
867,81.75,1650.0,North America,Washed / Wet,Typica
868,81.75,1750.0,South America,Washed / Wet,Bourbon
869,81.75,1775.0,South America,Washed / Wet,Bourbon
870,81.67,890.0,Brazil,Natural / Dry,Bourbon
871,81.67,1700.0,Central America,Washed / Wet,Bourbon
872,81.67,1219.2,Central America,Washed / Wet,Bourbon
873,81.67,1450.0,Central America,Washed / Wet,Bourbon/Typica
874,81.67,1800.0,Africa,Washed / Wet,Bourbon
875,81.67,1180.0,Central America,Washed / Wet,Bourbon
876,81.67,1750.0,South America,Washed / Wet,Bourbon
877,81.67,1.0,Brazil,Natural / Dry,Bourbon
878,81.67,1500.0,Africa,Washed / Wet,Bourbon
879,81.67,1700.0,Africa,Washed / Wet,Bourbon
880,81.67,1260.0,Brazil,Washed / Wet,Bourbon
881,81.67,1350.0,Asia Pacific,Semi-Washed / Honey,Typica
882,81.67,1400.0,Central America,Natural / Dry,Bourbon
883,81.67,1850.0,Central America,Washed / Wet,Bourbon
884,81.67,1300.0,North America,Washed / Wet,Typica
885,81.67,150.0,Asia Pacific,Semi-Washed / Honey,Typica
886,81.67,750.0,Asia Pacific,Washed / Wet,Typica
887,81.67,1400.0,North America,Washed / Wet,Typica
888,81.67,1752.6,Central America,Washed / Wet,Bourbon
889,81.67,1650.0,North America,Washed / Wet,Typica
890,81.67,1400.0,North America,Washed / Wet,Bourbon
891,81.67,1200.0,North America,Washed / Wet,Bourbon
892,81.67,1400.0,North America,Washed / Wet,Bourbon
893,81.67,940.0,North America,Semi-Washed / Honey,Bourbon
894,81.67,518.16,Asia Pacific,Washed / Wet,Typica
895,81.58,1200.0,Central America,Washed / Wet,Catimor
896,81.58,190164.0,Central America,Washed / Wet,Bourbon
897,81.58,800.0,Asia Pacific,Washed / Wet,Typica
898,81.58,13.0,Central America,Washed / Wet,Bourbon
899,81.58,1800.0,Africa,Washed / Wet,Bourbon
900,81.58,1100.0,Africa,Washed / Wet,Ethiopian Varieties
901,81.58,850.0,Asia Pacific,Semi-Washed / Honey,Typica
902,81.58,1260.0,Brazil,Washed / Wet,Bourbon
903,81.58,1310.64,Central America,Washed / Wet,Bourbon
904,81.58,1400.0,North America,Washed / Wet,Typica
905,81.58,1600.0,North America,Natural / Dry,Typica
906,81.58,1650.0,North America,Natural / Dry,Typica
907,81.58,1499.9208,Asia Pacific,Washed / Wet,Bourbon
908,81.58,1200.0,Asia Pacific,Washed / Wet,Bourbon
909,81.58,1600.2,Central America,Washed / Wet,Bourbon
910,81.5,1219.2,Central America,Washed / Wet,Bourbon
911,81.5,1265.0,Central America,Washed / Wet,Bourbon
912,81.5,1400.0,Central America,Washed / Wet,Bourbon
913,81.5,1219.2,Central America,Washed / Wet,Bourbon
914,81.5,180.0,Asia Pacific,Natural / Dry,Typica
915,81.5,1219.2,Asia Pacific,Washed / Wet,Bourbon/Typica
916,81.5,1200.0,Central America,Washed / Wet,Bourbon
917,81.5,1599.0,Africa,Washed / Wet,Ethiopian Varieties
918,81.5,1219.2,Central America,Washed / Wet,Bourbon
919,81.5,1200.0,Brazil,Semi-Washed / Honey,Bourbon
920,81.5,825.0,North America,Washed / Wet,Typica
921,81.5,600.0,Asia Pacific,Washed / Wet,Typica
922,81.5,1150.0,North America,Washed / Wet,Typica
923,81.5,1600.0,North America,Washed / Wet,Typica
924,81.5,1100.0,North America,Washed / Wet,Bourbon/Typica
925,81.5,1000.0,North America,Semi-Washed / Honey,Typica
926,81.5,1250.0,North America,Washed / Wet,Bourbon
927,81.5,1100.0,North America,Natural / Dry,Typica
928,81.5,1400.0,Asia Pacific,Washed / Wet,Typica
929,81.5,125.0,Brazil,Semi-Washed / Honey,Bourbon
930,81.5,1425.0,Central America,Washed / Wet,Bourbon
931,81.5,1450.0,South America,Washed / Wet,Bourbon
932,81.5,518.16,Asia Pacific,Natural / Dry,Typica
933,81.42,1100.0,North America,Washed / Wet,Bourbon/Typica
934,81.42,1371.6,Central America,Washed / Wet,Bourbon/Typica
935,81.42,1100.0,Brazil,Natural / Dry,Bourbon/Typica
936,81.42,1400.0,Central America,Washed / Wet,Bourbon/Typica
937,81.42,110.0,Asia Pacific,Washed / Wet,Typica
938,81.42,1422.0,Africa,Washed / Wet,Ethiopian Varieties
939,81.42,1100.0,Brazil,Natural / Dry,Bourbon
940,81.42,1550.0,Central America,Washed / Wet,Bourbon
941,81.42,1550.0,North America,Washed / Wet,Typica
942,81.42,1200.0,South America,Washed / Wet,Typica
943,81.42,1310.64,Central America,Washed / Wet,Bourbon
944,81.42,763.0,North America,Washed / Wet,Bourbon
945,81.42,1100.0,North America,Washed / Wet,Typica
946,81.42,1750.0,South America,Natural / Dry,Bourbon
947,81.42,1880.0,South America,Washed / Wet,Bourbon
948,81.42,518.16,Asia Pacific,Natural / Dry,Others
949,81.33,1750.0,South America,Washed / Wet,Bourbon
950,81.33,1500.0,Central America,Washed / Wet,Bourbon
951,81.33,1130.0,North America,Washed / Wet,Bourbon/Typica
952,81.33,1100.0,Brazil,Natural / Dry,Bourbon/Typica
953,81.33,1350.0,Central America,Washed / Wet,Bourbon/Typica
954,81.33,1200.0,Brazil,Natural / Dry,Bourbon
955,81.33,1400.0,Asia Pacific,Washed / Wet,Catimor
956,81.33,1200.0,Africa,Washed / Wet,Ethiopian Varieties
957,81.33,1450.0,Central America,Washed / Wet,Bourbon/Typica
958,81.33,1800.0,North America,Washed / Wet,Typica
959,81.33,1000.0,North America,Washed / Wet,Typica
960,81.25,680.0,Asia Pacific,Natural / Dry,Typica
961,81.25,1.0,Brazil,Natural / Dry,Bourbon
962,81.25,1100.0,Central America,Washed / Wet,Bourbon/Typica
963,81.25,1400.0,Central America,Washed / Wet,Bourbon/Typica
964,81.25,1700.0,Central America,Washed / Wet,Bourbon/Typica
965,81.25,1700.0,Africa,Washed / Wet,Bourbon
966,81.25,650.0,Asia Pacific,Semi-Washed / Honey,Typica
967,81.25,1524.0,Central America,Washed / Wet,Bourbon
968,81.25,1500.0,North America,Washed / Wet,Typica
969,81.17,1200.0,Central America,Washed / Wet,Others
970,81.17,1050.0,Africa,Washed / Wet,Bourbon
971,81.17,1200.0,North America,Washed / Wet,Bourbon
972,81.17,1300.0,Central America,Washed / Wet,Bourbon
973,81.17,1450.0,Central America,Natural / Dry,Bourbon/Typica
974,81.17,1450.0,Asia Pacific,Washed / Wet,Bourbon
975,81.17,1200.0,Asia Pacific,Natural / Dry,Typica
976,81.17,1550.0,Africa,Washed / Wet,Bourbon
977,81.17,995.0,Africa,Washed / Wet,Bourbon
978,81.17,1300.0,Central America,Washed / Wet,Bourbon/Typica
979,81.17,1000.0,Brazil,Natural / Dry,Bourbon/Typica
980,81.17,1800.0,North America,Natural / Dry,Typica
981,81.17,1450.0,Central America,Washed / Wet,Bourbon
982,81.17,1000.0,Brazil,Natural / Dry,Bourbon/Typica
983,81.17,518.16,Asia Pacific,Natural / Dry,Typica
984,81.08,1800.0,Africa,Natural / Dry,Ethiopian Varieties
985,81.08,695.0,Brazil,Natural / Dry,Bourbon/Typica
986,81.08,1100.0,Central America,Washed / Wet,Bourbon/Typica
987,81.08,1706.88,Central America,Natural / Dry,Typica
988,81.08,1456.0,Africa,Washed / Wet,Bourbon
989,81.08,1500.0,Central America,Washed / Wet,Bourbon
990,81.08,853.44,North America,Washed / Wet,Bourbon
991,81.08,1650.0,North America,Washed / Wet,Typica
992,81.08,1300.0,North America,Washed / Wet,Typica
993,81.08,1642.0,North America,Washed / Wet,Typica
994,81.08,1200.0,North America,Washed / Wet,Typica
995,81.08,518.16,Asia Pacific,Washed / Wet,Typica
996,81.0,1250.0,Brazil,Semi-Washed / Honey,Bourbon
997,81.0,1450.0,Central America,Washed / Wet,Bourbon
998,81.0,1250.0,Brazil,Semi-Washed / Honey,Bourbon
999,81.0,3280.0,Central America,Washed / Wet,Bourbon
1000,81.0,1600.0,South America,Washed / Wet,Bourbon
1001,81.0,1219.2,Central America,Washed / Wet,Bourbon
1002,81.0,758.0,Asia Pacific,Washed / Wet,Typica
1003,81.0,1350.0,Central America,Natural / Dry,Bourbon
1004,81.0,1000.0,Brazil,Natural / Dry,Bourbon/Typica
1005,81.0,1525.0,Africa,Washed / Wet,Bourbon
1006,81.0,1700.0,Africa,Natural / Dry,Typica
1007,81.0,1100.0,Asia Pacific,Semi-Washed / Honey,Typica
1008,81.0,800.0,Asia Pacific,Washed / Wet,Bourbon
1009,81.0,950.0,North America,Washed / Wet,Typica
1010,81.0,1100.0,North America,Washed / Wet,Typica
1011,80.92,200.0,Asia Pacific,Washed / Wet,Typica
1012,80.92,1901.0,Central America,Washed / Wet,Bourbon
1013,80.92,1600.0,Africa,Washed / Wet,Bourbon
1014,80.92,1100.0,North America,Washed / Wet,Bourbon
1015,80.92,1066.8,Asia Pacific,Washed / Wet,Typica
1016,80.92,518.16,Asia Pacific,Natural / Dry,Typica
1017,80.92,1700.0,Africa,Washed / Wet,Bourbon
1018,80.92,1200.0,Brazil,Natural / Dry,Bourbon
1019,80.92,550.0,Asia Pacific,Washed / Wet,Typica
1020,80.92,1100.0,Brazil,Natural / Dry,Bourbon
1021,80.92,1050.0,Central America,Washed / Wet,Bourbon
1022,80.92,1524.0,Central America,Washed / Wet,Typica
1023,80.92,900.0,Asia Pacific,Washed / Wet,Typica
1024,80.92,688.0,Asia Pacific,Washed / Wet,Typica
1025,80.92,300.0,Asia Pacific,Washed / Wet,Typica
1026,80.92,1186.0,North America,Washed / Wet,Typica
1027,80.92,1200.0,Asia Pacific,Washed / Wet,Others
1028,80.83,1300.0,Asia Pacific,Washed / Wet,Catimor
1029,80.83,1200.0,Central America,Washed / Wet,Bourbon
1030,80.83,1210.0,North America,Semi-Washed / Honey,Bourbon/Typica
1031,80.83,1100.0,North America,Washed / Wet,Typica
1032,80.83,100.0,North America,Washed / Wet,Bourbon
1033,80.83,518.16,Asia Pacific,Washed / Wet,Typica
1034,80.83,1800.0,South America,Washed / Wet,Bourbon
1035,80.75,1000.0,Brazil,Natural / Dry,Bourbon
1036,80.75,3825.0,Asia Pacific,Washed / Wet,Bourbon/Typica
1037,80.75,1706.88,Central America,Washed / Wet,Bourbon
1038,80.75,110000.0,Central America,Washed / Wet,Bourbon/Typica
1039,80.75,1450.0,Central America,Natural / Dry,Bourbon
1040,80.75,1680.0,Central America,Natural / Dry,Bourbon
1041,80.75,1350.0,Central America,Washed / Wet,Bourbon/Typica
1042,80.75,1450.0,Central America,Natural / Dry,Bourbon/Typica
1043,80.75,1300.0,Central America,Washed / Wet,Bourbon
1044,80.75,1200.0,North America,Washed / Wet,Typica
1045,80.75,1000.0,North America,Washed / Wet,Typica
1046,80.75,518.16,Asia Pacific,Natural / Dry,Bourbon/Typica
1047,80.67,750.0,Asia Pacific,Washed / Wet,Typica
1048,80.67,1350.0,Asia Pacific,Semi-Washed / Honey,Bourbon/Typica
1049,80.67,1500.0,Central America,Washed / Wet,Bourbon
1050,80.67,185.0,Central America,Washed / Wet,Bourbon
1051,80.67,995.0,Africa,Washed / Wet,Bourbon
1052,80.67,1200.0,North America,Washed / Wet,Typica
1053,80.67,1550.0,South America,Natural / Dry,Bourbon
1054,80.67,1550.0,Central America,Washed / Wet,Bourbon
1055,80.67,1425.0,Central America,Washed / Wet,Bourbon
1056,80.67,1425.0,Central America,Washed / Wet,Bourbon
1057,80.67,1750.0,South America,Washed / Wet,Bourbon
1058,80.58,1000.0,Brazil,Natural / Dry,Bourbon
1059,80.58,1355.0,Central America,Washed / Wet,Bourbon
1060,80.58,1400.0,Africa,Washed / Wet,Bourbon
1061,80.58,1200.0,Brazil,Semi-Washed / Honey,Bourbon
1062,80.58,1400.0,Central America,Washed / Wet,Bourbon
1063,80.58,1383.7920000000001,Central America,Natural / Dry,Bourbon
1064,80.58,518.16,Asia Pacific,Natural / Dry,Typica
1065,80.58,1750.0,South America,Washed / Wet,Bourbon
1066,80.5,50.0,Asia Pacific,Natural / Dry,Typica
1067,80.5,1500.0,Central America,Washed / Wet,Bourbon
1068,80.5,1650.0,Central America,Washed / Wet,Bourbon/Typica
1069,80.5,280.0,Africa,Washed / Wet,Bourbon
1070,80.5,1250.0,Brazil,Semi-Washed / Honey,Bourbon
1071,80.5,3800.0,Asia Pacific,Washed / Wet,Bourbon/Typica
1072,80.5,1219.2,Central America,Washed / Wet,Bourbon
1073,80.5,1250.0,Brazil,Semi-Washed / Honey,Bourbon
1074,80.5,518.16,Asia Pacific,Natural / Dry,Typica
1075,80.5,1859.28,Central America,Washed / Wet,Bourbon
1076,80.5,1450.0,North America,Washed / Wet,Typica
1077,80.42,1450.0,Central America,Washed / Wet,Bourbon/Typica
1078,80.42,600.0,Asia Pacific,Washed / Wet,Typica
1079,80.42,1450.0,Central America,Washed / Wet,Bourbon
1080,80.42,1700.0,Asia Pacific,Washed / Wet,Catimor
1081,80.42,1050.0,North America,Washed / Wet,Typica
1082,80.42,1550.0,North America,Washed / Wet,Bourbon
1083,80.33,1700.0,Africa,Washed / Wet,Bourbon
1084,80.33,1700.0,Africa,Washed / Wet,Bourbon
1085,80.33,1650.0,Africa,Washed / Wet,Bourbon
1086,80.33,600.0,Asia Pacific,Washed / Wet,Bourbon
1087,80.33,1310.64,Central America,Washed / Wet,Bourbon
1088,80.33,940.0,North America,Semi-Washed / Honey,Typica
1089,80.33,518.16,Asia Pacific,Washed / Wet,Typica
1090,80.33,1800.0,Africa,Natural / Dry,Typica
1091,80.25,995.0,Brazil,Natural / Dry,Bourbon/Typica
1092,80.25,1400.0,Central America,Natural / Dry,Bourbon
1093,80.25,1600.0,North America,Washed / Wet,Bourbon
1094,80.25,914.4,Asia Pacific,Natural / Dry,Typica
1095,80.25,4287.0,Asia Pacific,Natural / Dry,Bourbon/Typica
1096,80.25,900.0,Central America,Washed / Wet,Bourbon
1097,80.25,518.16,Asia Pacific,Natural / Dry,Typica
1098,80.25,1750.0,South America,Washed / Wet,Typica
1099,80.25,700.0,Asia Pacific,Semi-Washed / Honey,Typica
1100,80.25,1400.0,Central America,Washed / Wet,Bourbon
1101,80.25,808.0,North America,Washed / Wet,Bourbon
1102,80.17,1550.0,Asia Pacific,Natural / Dry,Catimor
1103,80.17,1187.5,Central America,Washed / Wet,Bourbon
1104,80.17,1400.0,Central America,Washed / Wet,Bourbon/Typica
1105,80.17,1310.64,Central America,Washed / Wet,Bourbon
1106,80.17,1250.0,North America,Washed / Wet,Typica
1107,80.17,1550.0,North America,Washed / Wet,Typica
1108,80.17,1000.0,North America,Washed / Wet,Bourbon
1109,80.17,1310.64,Central America,Washed / Wet,Bourbon
1110,80.17,518.16,Asia Pacific,Natural / Dry,Typica
1111,80.08,1100.0,Brazil,Semi-Washed / Honey,Bourbon
1112,80.08,850.0,Asia Pacific,Washed / Wet,Typica
1113,80.08,1140.0,Central America,Natural / Dry,Bourbon
1114,80.08,200.0,Asia Pacific,Washed / Wet,Typica
1115,80.08,150.0,Asia Pacific,Washed / Wet,Typica
1116,80.08,250.0,Asia Pacific,Semi-Washed / Honey,Typica
1117,80.08,1300.0,North America,Washed / Wet,Typica
1118,80.08,1300.0,North America,Washed / Wet,Typica
1119,80.0,1250.0,Central America,Washed / Wet,Bourbon
1120,80.0,3845.0,Asia Pacific,Washed / Wet,Bourbon
1121,80.0,1400.0,North America,Washed / Wet,Typica
1122,80.0,250.0,Asia Pacific,Washed / Wet,Typica
1123,80.0,800.0,Asia Pacific,Washed / Wet,Bourbon
1124,80.0,1250.0,North America,Washed / Wet,Typica
1125,80.0,1100.0,North America,Washed / Wet,Typica
1126,80.0,1800.0,Africa,Natural / Dry,Typica
1127,86.92,1790.0,Africa,Washed / Wet,Bourbon
1128,86.83,1754.0,Africa,Washed / Wet,Typica
1129,86.67,730.0,Asia Pacific,Natural / Dry,Typica
1130,86.0,442.0,South America,Washed / Wet,Bourbon
1131,85.83,1400.17,Central America,Washed / Wet,Typica
1132,85.75,1610.0,Africa,Washed / Wet,Bourbon
1133,85.67,1560.0,South America,Washed / Wet,Bourbon
1134,85.33,1850.0,Africa,Washed / Wet,Ethiopian Varieties
1135,85.17,1600.0,Central America,Washed / Wet,Catimor
1136,85.08,442.0,South America,Washed / Wet,Bourbon
1137,84.92,439.0,South America,Washed / Wet,Bourbon
1138,84.75,1300.0,Asia Pacific,Natural / Dry,Typica
1139,84.75,1200.0,Brazil,Washed / Wet,Bourbon/Typica
1140,84.5,1200.0,Asia Pacific,Washed / Wet,Typica
1141,84.5,1420.0,Asia Pacific,Semi-Washed / Honey,Typica
1142,84.42,650.0,Asia Pacific,Semi-Washed / Honey,Others
1143,84.33,1200.0,Central America,Washed / Wet,Bourbon/Typica
1144,84.33,650.0,Asia Pacific,Natural / Dry,Typica
1145,84.33,1600.0,Africa,Washed / Wet,Bourbon
1146,84.25,1100.0,Central America,Washed / Wet,Bourbon/Typica
1147,84.08,1450.0,Central America,Washed / Wet,Bourbon/Typica
1148,84.0,980.0,Brazil,Natural / Dry,Bourbon/Typica
1149,84.0,450.0,Asia Pacific,Natural / Dry,Others
1150,84.0,1100.0,Central America,Natural / Dry,Bourbon/Typica
1151,84.0,4750.0,Central America,Washed / Wet,Bourbon
1152,83.92,442.0,South America,Washed / Wet,Others
1153,83.92,1040.0,Asia Pacific,Washed / Wet,Catimor
1154,83.92,1380.0,Asia Pacific,Other,Others
1155,83.83,1000.0,Asia Pacific,Washed / Wet,Typica
1156,83.75,1300.0,North America,Washed / Wet,Others
1157,83.75,1450.0,Central America,Washed / Wet,Bourbon/Typica
1158,83.75,1800.0,Central America,Washed / Wet,Bourbon
1159,83.67,500.0,Asia Pacific,Washed / Wet,Typica
1160,83.67,1100.0,Central America,Natural / Dry,Bourbon/Typica
1161,83.67,1000.0,Brazil,Washed / Wet,Others
1162,83.5,1697.0,Africa,Washed / Wet,Bourbon
1163,83.5,1300.0,Central America,Washed / Wet,Bourbon
1164,83.33,1779.0,South America,Washed / Wet,Bourbon
1165,83.08,1600.0,Central America,Washed / Wet,Bourbon
1166,83.08,1300.0,Central America,Washed / Wet,Bourbon
1167,83.08,1240.0,Brazil,Semi-Washed / Honey,Bourbon/Typica
1168,83.0,1500.0,Central America,Washed / Wet,Bourbon/Typica
1169,82.92,1200.0,Asia Pacific,Washed / Wet,Typica
1170,82.83,1600.0,Africa,Washed / Wet,Bourbon
1171,82.75,1200.0,Central America,Natural / Dry,Bourbon
1172,82.75,1600.0,Central America,Washed / Wet,Bourbon
1173,82.67,1500.0,Central America,Washed / Wet,Bourbon/Typica
1174,82.67,1850.0,Central America,Washed / Wet,Bourbon
1175,82.58,800.0,Asia Pacific,Natural / Dry,Others
1176,82.58,500.0,Asia Pacific,Washed / Wet,Typica
1177,82.5,800.0,Asia Pacific,Washed / Wet,Catimor
1178,82.5,1200.0,Central America,Washed / Wet,Bourbon/Typica
1179,82.42,900.0,Brazil,Natural / Dry,Bourbon/Typica
1180,82.42,1100.0,Central America,Washed / Wet,Bourbon/Typica
1181,82.42,1700.0,Central America,Other,Bourbon
1182,82.33,1040.0,Asia Pacific,Semi-Washed / Honey,Catimor
1183,82.33,1100.0,Central America,Washed / Wet,Bourbon
1184,82.25,1200.0,Central America,Washed / Wet,Typica
1185,82.25,1800.0,Africa,Washed / Wet,Bourbon
1186,82.17,4700.0,Asia Pacific,Washed / Wet,Bourbon/Typica
1187,82.17,1500.0,Central America,Washed / Wet,Bourbon
1188,82.08,1300.0,Central America,Washed / Wet,Bourbon/Typica
1189,82.08,1200.0,Central America,Washed / Wet,Bourbon/Typica
1190,82.0,1697.0,Africa,Washed / Wet,Bourbon
1191,82.0,1165.0,Asia Pacific,Washed / Wet,Catimor
1192,82.0,1350.0,Central America,Washed / Wet,Bourbon/Typica
1193,81.92,1500.0,Central America,Washed / Wet,Bourbon
1194,81.83,1200.0,Asia Pacific,Washed / Wet,Typica
1195,81.83,1500.0,Central America,Washed / Wet,Bourbon/Typica
1196,81.75,1000.0,Asia Pacific,Washed / Wet,Others
1197,81.75,1420.0,Asia Pacific,Semi-Washed / Honey,Ethiopian Varieties
1198,81.75,1850.0,Central America,Washed / Wet,Bourbon
1199,81.67,1650.0,Central America,Natural / Dry,Bourbon
1200,81.58,1200.0,Brazil,Natural / Dry,Bourbon/Typica
1201,81.5,700.0,Asia Pacific,Washed / Wet,Catimor
1202,81.42,465.0,Asia Pacific,Natural / Dry,Typica
1203,81.08,1901.64,Central America,Washed / Wet,Bourbon
1204,81.08,1550.0,Central America,Washed / Wet,Bourbon
1205,81.0,518.0,Asia Pacific,Washed / Wet,Typica
1206,80.92,1000.0,North America,Washed / Wet,Catimor
1207,80.83,1100.0,North America,Washed / Wet,Typica
1208,80.83,1850.0,Central America,Washed / Wet,Bourbon
1209,80.67,900.0,Brazil,Natural / Dry,Bourbon/Typica
1210,80.67,1300.0,Asia Pacific,Washed / Wet,Catimor
1211,80.58,1100.0,Brazil,Natural / Dry,Bourbon/Typica
1212,80.42,1800.0,Central America,Washed / Wet,Bourbon/Typica
1213,80.25,1200.0,Central America,Washed / Wet,Typica
1214,79.17,1300.0,Central America,Washed / Wet,Bourbon
1215,78.08,1350.0,Brazil,Natural / Dry,Others
1216,77.42,1100.0,Brazil,Natural / Dry,Bourbon
1217,74.83,1200.0,Asia Pacific,Washed / Wet,Typica
1218,89.25,1200.0,Asia Pacific,Natural / Dry,Ethiopian Varieties
1219,87.17,2219.0,Africa,Other,Ethiopian Varieties
1220,87.08,1650.0,South America,Semi-Washed / Honey,Others
1221,86.92,15002100.0,Africa,Washed / Wet,Others
1222,86.75,1280.0,Brazil,Washed / Wet,Others
1223,86.58,2100.0,Africa,Washed / Wet,Others
1224,86.25,2000.0,Africa,Washed / Wet,Ethiopian Varieties
1225,85.75,1200.0,Asia Pacific,Natural / Dry,Ethiopian Varieties
1226,85.67,1994.0,Africa,Washed / Wet,Ethiopian Varieties
1227,85.42,1800.0,Africa,Washed / Wet,Ethiopian Varieties
1228,85.17,1450.0,Central America,Washed / Wet,Bourbon/Typica
1229,85.08,1790.0,Africa,Washed / Wet,Bourbon
1230,85.0,1700.0,Africa,Natural / Dry,Ethiopian Varieties
1231,84.83,1700.0,Africa,Washed / Wet,Bourbon
1232,84.75,1300.0,South America,Washed / Wet,Bourbon
1233,84.67,1700.0,Africa,Washed / Wet,Bourbon
1234,84.67,1100.0,Central America,Washed / Wet,Others
1235,84.58,1848.0,Central America,Washed / Wet,Bourbon
1236,84.5,1700.0,Africa,Washed / Wet,Bourbon
1237,84.5,2800.0,Africa,Washed / Wet,Typica
1238,84.25,1450.0,Central America,Washed / Wet,Bourbon/Typica
1239,84.17,442.0,South America,Washed / Wet,Bourbon
1240,84.08,1600.0,Asia Pacific,Washed / Wet,Typica
1241,84.08,1040.0,Asia Pacific,Washed / Wet,Catimor
1242,84.08,1666.0,Africa,Washed / Wet,Bourbon
1243,84.08,1700.0,Africa,Washed / Wet,Bourbon
1244,84.0,1450.0,Central America,Washed / Wet,Bourbon/Typica
1245,83.92,1550.0,Central America,Washed / Wet,Others
1246,83.83,1500.0,Central America,Natural / Dry,Bourbon
1247,83.83,1700.0,Africa,Washed / Wet,Bourbon
1248,83.83,1943.0,Africa,Washed / Wet,Ethiopian Varieties
1249,83.83,1848.0,Central America,Washed / Wet,Bourbon
1250,83.75,1500.0,Central America,Natural / Dry,Bourbon
1251,83.67,1400.0,Central America,Natural / Dry,Bourbon
1252,83.67,1000.0,Asia Pacific,Natural / Dry,Ethiopian Varieties
1253,83.58,442.0,South America,Washed / Wet,Bourbon
1254,83.58,1700.0,Africa,Washed / Wet,Bourbon
1255,83.5,1200.0,Central America,Washed / Wet,Bourbon
1256,83.5,1800.0,Africa,Washed / Wet,Bourbon
1257,83.42,1600.0,Central America,Natural / Dry,Bourbon
1258,83.42,1150.0,Brazil,Natural / Dry,Bourbon/Typica
1259,83.42,1450.0,Central America,Washed / Wet,Bourbon/Typica
1260,83.33,1300.0,Asia Pacific,Natural / Dry,Catimor
1261,83.25,1750.0,Africa,Washed / Wet,Bourbon
1262,83.25,1500.0,Central America,Natural / Dry,Bourbon
1263,83.25,900.0,Brazil,Natural / Dry,Bourbon/Typica
1264,83.17,1400.0,Central America,Natural / Dry,Bourbon
1265,83.17,1800.0,Central America,Natural / Dry,Bourbon
1266,83.08,1420.0,Asia Pacific,Semi-Washed / Honey,Ethiopian Varieties
1267,83.08,900.0,Brazil,Natural / Dry,Bourbon/Typica
1268,83.08,1850.0,Central America,Washed / Wet,Bourbon
1269,82.92,1500.0,Central America,Natural / Dry,Bourbon
1270,82.75,1547.0,Central America,Washed / Wet,Bourbon
1271,82.75,-900.0,Brazil,Natural / Dry,Bourbon/Typica
1272,82.67,1250.0,Central America,Washed / Wet,Bourbon
1273,82.67,1800.0,Central America,Washed / Wet,Bourbon/Typica
1274,82.58,1500.0,Central America,Washed / Wet,Bourbon/Typica
1275,82.58,1200.0,Asia Pacific,Washed / Wet,Bourbon/Typica
1276,82.58,950.0,Brazil,Natural / Dry,Bourbon/Typica
1277,82.5,1550.0,Central America,Washed / Wet,Others
1278,82.5,1100.0,Asia Pacific,Washed / Wet,Bourbon/Typica
1279,82.33,1650.0,Central America,Washed / Wet,Bourbon
1280,82.25,1100.0,Central America,Washed / Wet,Bourbon
1281,82.25,1040.0,Asia Pacific,Washed / Wet,Catimor
1282,82.25,1779.0,South America,Washed / Wet,Bourbon
1283,82.25,1300.0,North America,Washed / Wet,Others
1284,82.25,1.1,Brazil,Natural / Dry,Bourbon/Typica
1285,82.17,1450.0,Central America,Washed / Wet,Bourbon
1286,82.0,680.0,Asia Pacific,Semi-Washed / Honey,Ethiopian Varieties
1287,81.92,1700.0,Central America,Washed / Wet,Bourbon
1288,81.92,1300.0,North America,Washed / Wet,Typica
1289,81.83,973.0,Brazil,Natural / Dry,Others
1290,81.75,650.0,Asia Pacific,Washed / Wet,Others
1291,81.75,900.0,Brazil,Natural / Dry,Bourbon/Typica
1292,81.75,900.0,Brazil,Natural / Dry,Bourbon/Typica
1293,81.67,1500.0,Central America,Washed / Wet,Bourbon/Typica
1294,81.67,1040.0,Asia Pacific,Washed / Wet,Catimor
1295,81.67,1600.0,Central America,Washed / Wet,Bourbon/Typica
1296,81.5,1150.0,Brazil,Natural / Dry,Bourbon/Typica
1297,81.5,1100.0,Central America,Washed / Wet,Bourbon
1298,81.5,1800.0,Central America,Natural / Dry,Bourbon/Typica
1299,81.42,1400.0,Central America,Washed / Wet,Bourbon
1300,81.33,1200.0,Central America,Washed / Wet,Bourbon
1301,81.33,1901.64,Central America,Washed / Wet,Bourbon
1302,81.25,1850.0,Central America,Washed / Wet,Bourbon
1303,81.17,1040.0,Asia Pacific,Washed / Wet,Catimor
1304,81.08,1200.0,Asia Pacific,Washed / Wet,Bourbon/Typica
1305,81.0,1400.0,Central America,Washed / Wet,Catimor
1306,80.92,800.0,Asia Pacific,Semi-Washed / Honey,Typica
1307,80.83,1300.0,South America,Washed / Wet,Others
1308,80.75,1100.0,Central America,Washed / Wet,Others
1309,80.67,1200.0,Central America,Washed / Wet,Bourbon
1310,80.33,1100.0,North America,Washed / Wet,Typica
1311,80.08,650.0,Asia Pacific,Washed / Wet,Others
1312,80.08,1200.0,Asia Pacific,Washed / Wet,Bourbon/Typica
1313,79.58,1800.0,Central America,Natural / Dry,Bourbon/Typica
1314,79.0,600.0,Asia Pacific,Semi-Washed / Honey,Bourbon
1315,78.83,1150.0,Brazil,Natural / Dry,Bourbon/Typica
1316,78.33,1100.0,Central America,Washed / Wet,Others
1317,76.33,1200.0,Asia Pacific,Washed / Wet,Bourbon/Typica
1318,70.42,1800.0,South America,Washed / Wet,Others
